{
    "timestamp" : 1488916675686,
    "revision" : {
        "HEAD" : "66426fa6a17454c7ebee9c70299afd2c46f25e2f",
        "currentBranch" : "HEAD",
        "knownReferences" : [{
            "name" : "origin",
            "url" : "git://git.eclipse.org/gitroot/egit/egit.git",
            "ref" : "stable-4.6"
        }]
    },
    "properties" : {
        "TARGET_PLATFORM_VERSION_MAXIMUM" : "null",
        "java.version" : "1.8.0_121",
        "user.dir" : "/home/hudson/genie.egit/.hudson/jobs/egit-stable/workspace",
        "os.arch" : "amd64",
        "RELEASE" : "null",
        "BUILD_ALIAS" : "null",
        "JOB_NAME" : "null",
        "os.version" : "3.12.62-60.64.8-default",
        "BUILD_NUMBER" : "null",
        "TARGET_PLATFORM_VERSION" : "null",
        "NODE_NAME" : "null",
        "HOSTNAME" : "hipp1",
        "java.vendor" : "Oracle Corporation",
        "os.name" : "Linux",
        "ZIPSUFFIX" : "null",
        "WORKSPACE" : "/home/hudson/genie.egit/.hudson/jobs/egit-stable/workspace"
    },
    "upstream" : {
        "https://repo.eclipse.org/content/unzip/releases.unzip/org/eclipse/jgit/org.eclipse.jgit.repository/4.6.1.201703071140-r/org.eclipse.jgit.repository-4.6.1.201703071140-r.zip-unzip/" : "Build info file not accessible: https://repo.eclipse.org/content/unzip/releases.unzip/org/eclipse/jgit/org.eclipse.jgit.repository/4.6.1.201703071140-r/org.eclipse.jgit.repository-4.6.1.201703071140-r.zip-unzip/buildinfo.json",
        "http://download.eclipse.org/cbi/updates/license" : "Build info file not accessible: http://download.eclipse.org/cbi/updates/license/buildinfo.json"
    }
}